,Produkt 1,Produkt 2
0,5,24
1,64,9
2,7,50
3,52,94
4,65,39
5,78,63
6,20,64
7,41,44
8,45,74
9,93,74
10,89,22
11,10,70
12,51,96
13,30,72
14,51,37
15,41,83
16,72,56
17,98,90
18,29,40
19,98,73
20,3,88
21,75,9
22,88,67
23,2,38
24,42,34
25,89,11
26,24,2
27,21,93
28,67,45
29,82,50
30,81,57
31,1,78
32,72,33
33,76,71
34,93,39
35,25,33
36,57,11
37,5,65
38,91,94
39,37,4
40,5,75
41,67,74
42,46,16
43,75,29
44,46,31
45,76,39
46,97,83
47,29,16
48,81,71
49,49,5
50,80,95
51,45,59
52,94,77
53,88,96
54,59,63
55,9,79
56,77,80
57,11,71
58,68,68
59,60,67
60,2,44
61,23,94
62,95,57
63,54,76
64,0,63
65,98,82
66,51,76
67,64,62
68,52,46
69,38,79
70,93,53
71,21,68
72,84,79
73,78,37
74,69,58
75,44,56
76,49,16
77,61,55
78,17,82
79,20,53
80,95,71
81,95,91
82,70,7
83,89,27
84,77,39
85,48,52
86,14,47
87,42,56
88,63,86
89,21,31
90,99,23
91,76,39
92,67,34
93,91,38
94,19,98
95,13,12
96,57,58
97,34,87
98,12,89
99,67,90
100,15,98
101,69,69
102,84,96
103,74,53
104,47,5
105,26,17
106,41,84
107,67,34
108,64,79
109,16,43
110,59,87
111,85,57
112,23,69
113,74,33
114,54,10
115,31,71
116,75,78
117,50,41
118,27,93
119,12,31
120,91,62
121,10,77
122,78,29
123,74,63
124,13,0
125,45,78
126,87,55
127,79,43
128,13,94
129,95,0
130,98,53
131,32,27
132,58,3
133,30,36
134,9,18
135,14,35
136,80,99
137,95,31
138,58,29
139,17,38
140,65,72
141,45,91
142,32,65
143,6,51
144,42,52
145,43,98
146,66,19
147,59,50
148,28,89
149,61,38
150,65,36
151,23,92
152,98,87
153,71,85
154,64,54
155,92,98
156,95,9
157,99,61
158,80,14
159,59,98
160,11,6
161,10,78
162,39,76
163,12,67
164,76,51
165,87,8
166,78,65
167,72,50
168,72,86
169,11,73
170,47,80
171,71,34
172,85,24
173,61,90
174,84,50
175,39,57
176,31,74
177,84,5
178,93,82
179,99,36
180,51,44
181,56,22
182,13,99
183,34,13
184,29,31
185,23,20
186,90,76
187,13,46
188,11,12
189,76,23
190,86,15
191,0,75
192,29,3
193,77,51
194,44,29
195,69,65
196,3,5
197,43,52
198,38,87
199,33,79
200,19,34
201,96,81
202,90,5
203,33,13
204,91,34
205,97,49
206,46,42
207,96,63
208,48,73
209,20,91
210,14,21
211,86,30
212,8,18
213,49,27
214,12,29
215,80,3
216,11,39
217,18,58
218,11,7
219,15,33
220,72,45
221,7,76
222,43,90
223,37,20
224,55,12
225,89,90
226,44,9
227,71,18
228,1,99
229,3,37
230,58,60
231,61,78
232,48,53
233,75,70
234,98,53
235,79,19
236,25,28
237,90,19
238,30,10
239,19,63
240,3,17
241,41,69
242,76,21
243,29,71
244,89,51
245,38,12
246,27,7
247,1,48
248,49,11
249,30,53
250,61,45
251,76,71
252,18,72
253,67,36
254,40,9
255,78,13
256,55,95
257,51,53
258,54,15
259,45,92
260,93,41
261,10,12
262,80,29
263,30,81
264,81,96
265,63,56
266,39,91
267,30,39
268,76,14
269,73,77
270,70,72
271,21,56
272,93,33
273,91,44
274,17,25
275,34,44
276,76,69
277,46,8
278,4,58
279,87,43
280,26,19
281,21,71
282,20,91
283,83,56
284,82,20
285,17,7
286,88,68
287,79,58
288,38,94
289,66,5
290,25,68
291,31,88
292,6,88
293,31,51
294,61,4
295,70,17
296,35,21
297,54,54
298,41,61
299,19,94
300,86,29
301,62,43
302,45,77
303,56,61
304,80,6
305,59,32
306,77,83
307,53,22
308,5,72
309,12,59
310,20,95
311,12,55
312,13,52
313,14,35
314,59,96
315,40,92
316,55,28
317,56,82
318,33,97
319,33,41
320,49,18
321,9,84
322,14,84
323,21,87
324,33,43
325,81,13
326,51,85
327,63,96
328,39,92
329,64,89
330,5,0
331,8,26
332,14,24
333,97,33
334,3,53
335,94,98
336,73,17
337,28,31
338,14,95
339,89,18
340,14,30
341,30,3
342,50,87
343,29,4
344,60,32
345,19,49
346,10,99
347,5,34
348,2,83
349,20,1
350,76,80
351,75,99
352,57,85
353,47,58
354,39,73
355,10,51
356,72,51
357,96,18
358,21,90
359,39,69
360,43,67
361,44,38
362,94,29
363,67,78
364,80,55
365,39,16
366,97,42
367,29,31
368,43,95
369,70,55
370,65,83
371,7,35
372,65,21
373,66,20
374,58,17
375,58,85
376,37,27
377,39,34
378,82,6
379,82,23
380,48,49
381,62,98
382,89,13
383,58,24
384,2,47
385,27,23
386,0,15
387,4,98
388,96,42
389,74,50
390,76,60
391,72,34
392,50,39
393,11,4
394,47,31
395,72,8
396,95,85
397,97,17
398,12,8
399,21,47
400,92,65
401,38,43
402,40,11
403,75,73
404,12,58
405,50,24
406,79,86
407,14,92
408,73,65
409,0,15
410,96,82
411,36,56
412,50,9
413,12,57
414,77,48
415,44,17
416,9,39
417,48,49
418,31,79
419,81,66
420,75,47
421,9,97
422,6,83
423,38,59
424,37,82
425,3,80
426,33,97
427,33,6
428,80,46
429,77,50
430,2,76
431,53,50
432,73,17
433,28,46
434,45,57
435,8,76
436,55,44
437,18,14
438,90,74
439,95,26
440,13,3
441,58,38
442,97,14
443,57,82
444,88,55
445,35,62
446,4,15
447,54,2
448,87,18
449,14,34
450,87,18
451,59,54
452,0,68
453,44,53
454,94,37
455,55,98
456,2,21
457,91,5
458,29,57
459,7,48
460,29,50
461,92,16
462,69,99
463,25,21
464,67,3
465,25,83
466,41,89
467,15,99
468,40,3
469,60,97
470,93,12
471,25,84
472,38,69
473,1,33
474,4,51
475,34,32
476,53,27
477,82,99
478,6,29
479,23,28
480,10,34
481,3,91
482,79,98
483,60,30
484,80,59
485,6,75
486,28,23
487,45,33
488,47,14
489,99,57
490,66,56
491,19,34
492,89,42
493,50,75
494,61,87
495,73,97
496,89,11
497,7,48
498,78,13
499,90,38
500,65,70
501,6,94
502,32,56
503,72,90
504,20,26
505,13,48
506,21,87
507,30,96
508,28,1
509,36,20
510,73,74
511,80,58
512,15,76
513,99,35
514,76,25
515,22,96
516,40,44
517,34,66
518,20,63
519,29,0
520,51,55
521,36,4
522,72,57
523,49,21
524,97,47
525,71,84
526,4,37
527,33,59
528,4,81
529,12,38
530,5,75
531,8,53
532,21,60
533,57,18
534,22,87
535,8,77
536,82,30
537,91,91
538,89,14
539,45,42
540,84,32
541,44,65
542,51,55
543,74,9
544,44,67
545,30,27
546,60,29
547,10,8
548,82,71
549,63,30
550,27,34
551,37,91
552,46,5
553,11,26
554,5,63
555,87,38
556,50,82
557,69,65
558,98,39
559,70,83
560,24,39
561,0,53
562,89,47
563,82,95
564,7,70
565,97,36
566,21,3
567,52,47
568,65,35
569,35,75
570,56,91
571,57,43
572,37,60
573,92,20
574,32,19
575,11,40
576,3,18
577,98,73
578,51,55
579,16,76
580,25,14
581,25,61
582,81,24
583,82,14
584,44,5
585,64,85
586,68,50
587,79,27
588,99,83
589,50,59
590,54,26
591,35,49
592,4,56
593,21,31
594,6,47
595,51,64
596,66,99
597,55,97
598,68,4
599,75,73
600,66,94
601,79,14
602,35,99
603,38,15
604,54,36
605,52,34
606,54,43
607,49,94
608,94,35
609,75,38
610,30,32
611,69,61
612,71,36
613,17,38
614,33,87
615,15,0
616,83,68
617,65,54
618,18,77
619,75,69
620,15,70
621,67,57
622,61,98
623,96,22
624,18,22
625,4,33
626,20,91
627,86,47
628,56,93
629,57,45
630,20,97
631,29,15
632,98,29
633,17,62
634,17,48
635,36,3
636,52,5
637,48,70
638,35,17
639,29,0
640,0,91
641,84,33
642,56,85
643,32,42
644,7,39
645,97,52
646,13,12
647,29,5
648,15,12
649,20,24
650,11,20
651,25,97
652,82,30
653,1,33
654,86,47
655,28,91
656,61,63
657,59,23
658,64,7
659,32,18
660,4,82
661,88,99
662,44,84
663,23,26
664,82,44
665,15,52
666,27,29
667,91,49
668,32,25
669,40,34
670,10,91
671,44,97
672,70,56
673,90,65
674,51,94
675,88,98
676,64,52
677,91,24
678,86,76
679,60,96
680,63,28
681,56,11
682,16,15
683,74,85
684,50,52
685,23,81
686,27,3
687,17,83
688,87,15
689,57,25
690,64,33
691,51,80
692,95,31
693,28,35
694,42,97
695,81,23
696,41,79
697,98,59
698,15,6
699,29,26
700,6,58
701,25,37
702,38,4
703,15,17
704,38,72
705,22,2
706,57,52
707,16,15
708,50,87
709,86,67
710,70,13
711,63,89
712,16,28
713,61,58
714,26,72
715,82,4
716,4,8
717,71,15
718,92,57
719,44,32
720,48,22
721,11,19
722,50,15
723,44,50
724,89,28
725,36,38
726,74,61
727,65,77
728,30,26
729,93,42
730,68,33
731,56,20
732,30,31
733,16,96
734,94,17
735,99,29
736,59,22
737,96,1
738,85,39
739,97,31
740,86,65
741,47,49
742,98,78
743,20,7
744,33,8
745,83,86
746,1,37
747,19,3
748,46,19
749,20,96
750,82,59
751,69,94
752,33,60
753,22,86
754,53,35
755,14,71
756,32,70
757,19,38
758,16,70
759,63,7
760,3,63
761,14,21
762,61,42
763,42,45
764,39,23
765,38,55
766,31,29
767,46,86
768,15,9
769,96,33
770,76,28
771,6,53
772,12,26
773,60,50
774,77,74
775,93,19
776,28,96
777,45,38
778,23,55
779,38,87
780,17,68
781,82,35
782,85,3
783,43,54
784,8,96
785,5,78
786,86,38
787,6,21
788,50,20
789,98,13
790,88,76
791,44,71
792,15,57
793,81,5
794,24,26
795,55,55
796,7,89
797,49,84
798,89,89
799,22,45
800,26,67
801,35,23
802,27,9
803,39,49
804,95,68
805,86,77
806,91,59
807,13,48
808,9,98
809,46,38
810,94,56
811,41,59
812,22,97
813,70,21
814,31,17
815,29,50
816,8,89
817,90,83
818,75,90
819,38,40
820,97,49
821,1,54
822,46,53
823,55,3
824,46,92
825,91,58
826,75,84
827,49,96
828,75,44
829,69,43
830,85,67
831,99,11
832,55,55
833,90,27
834,33,25
835,55,67
836,28,28
837,66,11
838,81,75
839,78,25
840,79,90
841,55,57
842,53,19
843,60,65
844,44,10
845,57,33
846,28,83
847,63,14
848,75,66
849,69,32
850,35,32
851,42,71
852,75,47
853,41,2
854,1,12
855,89,99
856,1,71
857,9,86
858,78,72
859,18,3
860,14,42
861,76,78
862,54,11
863,34,62
864,84,1
865,7,73
866,25,62
867,38,66
868,23,19
869,33,31
870,76,0
871,23,93
872,89,99
873,40,43
874,8,57
875,0,58
876,91,1
877,92,13
878,27,68
879,39,8
880,77,53
881,7,13
882,13,99
883,70,74
884,73,28
885,7,83
886,66,21
887,5,7
888,36,81
889,25,92
890,12,84
891,19,44
892,1,46
893,64,37
894,87,20
895,33,69
896,60,5
897,2,68
898,79,73
899,88,97
900,4,60
901,86,80
902,96,28
903,21,60
904,23,83
905,77,84
906,38,13
907,42,8
908,5,65
909,49,35
910,73,75
911,19,35
912,60,0
913,29,46
914,68,52
915,83,62
916,88,28
917,43,43
918,43,42
919,98,75
920,27,6
921,12,95
922,37,55
923,56,7
924,52,53
925,62,67
926,67,37
927,22,36
928,10,98
929,2,84
930,51,92
931,2,35
932,54,18
933,77,15
934,89,21
935,9,11
936,15,75
937,24,32
938,76,61
939,21,57
940,94,83
941,63,84
942,56,85
943,34,45
944,31,95
945,90,29
946,11,70
947,26,41
948,22,55
949,53,78
950,10,57
951,57,27
952,15,67
953,10,33
954,85,59
955,61,76
956,52,11
957,30,29
958,75,74
959,61,67
960,43,15
961,89,90
962,84,19
963,40,0
964,62,52
965,21,21
966,20,86
967,98,99
968,75,61
969,42,6
970,39,9
971,70,71
972,54,75
973,97,86
974,23,51
975,2,91
976,70,85
977,16,6
978,23,71
979,65,84
980,45,65
981,62,53
982,18,46
983,17,8
984,41,97
985,43,40
986,69,49
987,63,7
988,47,11
989,68,50
990,8,96
991,15,83
992,46,89
993,55,87
994,20,4
995,88,73
996,28,40
997,66,41
998,2,18
999,19,46
1000,99,57
1001,44,94
1002,30,16
1003,94,43
1004,3,11
1005,53,23
1006,38,34
1007,11,9
1008,48,25
1009,23,15
1010,70,85
1011,92,29
1012,33,3
1013,39,74
1014,2,45
1015,35,19
1016,66,42
1017,35,2
1018,36,11
1019,13,17
1020,44,83
1021,16,20
1022,66,64
1023,85,44
1024,33,43
1025,84,98
1026,22,18
1027,9,79
1028,68,97
1029,18,40
1030,65,72
1031,81,54
1032,94,60
1033,78,34
1034,44,9
1035,31,56
1036,82,58
1037,45,46
1038,4,53
1039,12,84
1040,20,26
1041,71,96
1042,38,57
1043,65,19
1044,81,39
1045,71,29
1046,68,84
1047,54,41
1048,2,66
1049,23,91
1050,68,85
1051,44,14
1052,27,47
1053,33,25
1054,85,13
1055,76,73
1056,53,33
1057,77,29
1058,64,22
1059,76,67
1060,17,38
1061,21,90
1062,94,27
1063,7,1
1064,49,15
1065,80,98
1066,14,24
1067,64,81
1068,30,72
1069,43,5
1070,16,21
1071,13,47
1072,54,24
1073,3,95
1074,24,69
1075,2,29
1076,24,25
1077,80,33
1078,2,28
1079,16,13
1080,12,42
1081,93,95
1082,16,74
1083,13,41
1084,89,41
1085,77,23
1086,25,57
1087,50,92
1088,56,32
1089,0,80
1090,8,84
1091,85,35
1092,35,66
1093,46,40
1094,44,70
1095,69,18
1096,53,25
1097,98,88
1098,55,33
1099,44,97
1100,25,52
1101,55,89
1102,13,6
1103,19,86
1104,85,25
1105,65,76
1106,97,50
1107,72,0
1108,71,63
1109,84,56
1110,48,13
1111,16,83
1112,64,15
1113,64,0
1114,15,83
1115,36,81
1116,2,46
1117,36,11
1118,71,97
1119,37,98
1120,7,65
1121,43,16
1122,50,90
1123,90,61
1124,5,92
1125,13,43
1126,41,26
1127,24,63
1128,79,77
1129,66,35
1130,13,98
1131,50,64
1132,26,69
1133,49,81
1134,3,36
1135,76,26
1136,0,40
1137,11,87
1138,14,15
1139,56,22
1140,37,94
1141,11,99
1142,90,79
1143,94,83
1144,8,4
1145,35,71
1146,75,11
1147,97,6
1148,32,4
1149,94,19
1150,29,7
1151,29,56
1152,91,91
1153,94,70
1154,97,29
1155,42,39
1156,59,85
1157,42,25
1158,17,98
1159,61,93
1160,73,37
1161,63,17
1162,52,83
1163,49,75
1164,13,43
1165,23,22
1166,32,28
1167,37,85
1168,57,45
1169,57,41
1170,46,6
1171,92,83
1172,43,79
1173,68,28
1174,41,63
1175,68,39
1176,87,40
1177,49,1
1178,28,21
1179,76,25
1180,96,16
1181,56,86
1182,49,7
1183,26,3
1184,50,18
1185,66,24
1186,65,32
1187,57,91
1188,19,31
1189,43,2
1190,85,87
1191,60,11
1192,45,86
1193,70,12
1194,9,9
1195,78,73
1196,63,67
1197,17,59
1198,17,41
1199,30,33
1200,74,23
1201,15,48
1202,33,78
1203,10,56
1204,59,51
1205,18,81
1206,21,64
1207,25,3
1208,48,34
1209,8,38
1210,22,95
1211,48,86
1212,70,4
1213,6,79
1214,48,39
1215,40,72
1216,81,29
1217,8,41
1218,3,51
1219,15,53
1220,30,23
1221,6,27
1222,82,92
1223,23,20
1224,41,18
1225,89,51
1226,76,76
1227,41,34
1228,88,6
1229,89,54
1230,68,82
1231,35,56
1232,75,94
1233,34,38
1234,41,93
1235,61,54
1236,9,41
1237,11,8
1238,1,2
1239,74,58
1240,93,2
1241,52,80
1242,50,89
1243,18,94
1244,91,99
1245,73,2
1246,93,5
1247,98,1
1248,58,94
1249,63,91
1250,16,50
1251,96,54
1252,17,46
1253,54,47
1254,93,68
1255,40,51
1256,23,85
1257,68,5
1258,18,23
1259,90,60
1260,8,35
1261,70,4
1262,49,78
1263,75,52
1264,40,24
1265,34,67
1266,2,78
1267,81,78
1268,60,45
1269,50,60
1270,25,91
1271,86,15
1272,90,98
1273,80,29
1274,37,22
1275,2,21
1276,2,31
1277,31,48
1278,4,75
1279,23,13
1280,0,51
1281,6,1
1282,75,92
1283,24,67
1284,68,18
1285,16,50
1286,90,89
1287,16,40
1288,15,71
1289,60,29
1290,45,66
1291,0,6
1292,53,21
1293,31,31
1294,51,98
1295,6,92
1296,0,29
1297,56,92
1298,14,2
1299,86,97
1300,49,97
1301,6,18
1302,86,46
1303,22,20
1304,91,36
1305,57,19
1306,14,96
1307,95,94
1308,81,44
1309,37,13
1310,26,78
1311,99,7
1312,28,25
1313,85,29
1314,53,46
1315,15,27
1316,6,48
1317,7,0
1318,6,77
1319,95,1
1320,45,19
1321,12,14
1322,47,82
1323,79,46
1324,40,25
1325,16,82
1326,36,11
1327,75,0
1328,51,77
1329,97,48
1330,66,56
1331,94,94
1332,19,72
1333,41,28
1334,36,42
1335,0,10
1336,44,0
1337,23,23
1338,51,8
1339,82,26
1340,25,64
1341,5,30
1342,24,17
1343,16,75
1344,42,20
1345,99,46
1346,0,53
1347,13,51
1348,75,61
1349,16,80
1350,75,5
1351,52,24
1352,84,7
1353,79,32
1354,98,82
1355,49,45
1356,2,55
1357,80,44
1358,43,60
1359,73,14
1360,73,72
1361,50,49
1362,81,71
1363,94,45
1364,58,95
1365,7,57
1366,19,11
1367,78,96
1368,44,23
1369,20,58
1370,43,22
1371,62,51
1372,72,31
1373,38,80
1374,56,83
1375,34,77
1376,55,4
1377,80,79
1378,37,71
1379,19,97
1380,7,29
1381,17,90
1382,21,66
1383,50,37
1384,78,4
1385,34,95
1386,42,62
1387,2,46
1388,34,14
1389,33,82
1390,76,2
1391,99,84
1392,62,25
1393,31,9
1394,98,66
1395,57,73
1396,79,55
1397,5,35
1398,93,57
1399,13,80
1400,72,29
1401,43,31
1402,15,46
1403,8,7
1404,53,82
1405,85,66
1406,13,70
1407,45,53
1408,56,33
1409,72,88
1410,71,13
1411,61,44
1412,39,71
1413,87,11
1414,3,99
1415,7,56
1416,81,84
1417,66,66
1418,96,96
1419,53,19
1420,36,50
1421,5,22
1422,43,2
1423,93,60
1424,46,91
1425,39,94
1426,49,8
1427,15,5
1428,35,9
1429,62,35
1430,75,4
1431,10,68
1432,83,93
1433,45,38
1434,21,23
1435,90,62
1436,95,95
1437,20,16
1438,2,52
1439,19,36
1440,73,33
1441,90,64
1442,37,56
1443,50,44
1444,56,76
1445,95,17
1446,78,71
1447,11,31
1448,97,68
1449,78,32
1450,87,94
1451,68,28
1452,35,29
1453,61,68
1454,30,92
1455,58,74
1456,74,37
1457,9,20
1458,56,1
1459,16,97
1460,52,76
1461,40,53
1462,94,16
1463,82,38
1464,56,13
1465,80,98
1466,92,62
1467,25,7
1468,60,71
1469,9,30
1470,77,93
1471,89,87
1472,30,23
1473,80,13
1474,25,27
1475,79,42
1476,96,80
1477,94,31
1478,43,8
1479,72,71
1480,68,20
1481,37,4
1482,32,28
1483,91,35
1484,38,4
1485,16,80
1486,59,63
1487,86,41
1488,70,20
1489,28,7
1490,87,79
1491,38,93
1492,42,83
1493,90,10
1494,59,88
1495,41,97
1496,51,56
1497,10,4
1498,19,13
1499,23,87
1500,41,91
1501,7,19
1502,72,98
1503,86,58
1504,65,24
1505,5,91
1506,95,84
1507,73,50
1508,60,18
1509,1,93
1510,72,25
1511,45,94
1512,48,83
1513,48,72
1514,87,37
1515,24,44
1516,36,31
1517,73,59
1518,46,89
1519,54,90
1520,41,30
1521,58,42
1522,95,8
1523,7,6
1524,60,5
1525,20,28
1526,86,79
1527,56,91
1528,32,93
1529,79,18
1530,84,48
1531,37,17
1532,23,59
1533,5,77
1534,60,56
1535,32,74
1536,70,5
1537,50,50
1538,79,96
1539,6,70
1540,93,71
1541,87,51
1542,44,13
1543,7,86
1544,57,78
1545,98,75
1546,91,88
1547,41,87
1548,75,80
1549,80,72
1550,46,38
1551,53,60
1552,86,32
1553,30,73
1554,5,65
1555,1,51
1556,80,63
1557,68,47
1558,91,29
1559,11,53
1560,4,87
1561,76,73
1562,88,36
1563,13,53
1564,0,8
1565,53,49
1566,35,67
1567,6,64
1568,84,56
1569,42,31
1570,44,12
1571,71,59
1572,95,36
1573,21,83
1574,72,81
1575,23,20
1576,90,28
1577,84,55
1578,31,17
1579,24,62
1580,56,98
1581,81,83
1582,9,51
1583,57,89
1584,34,7
1585,76,57
1586,27,89
1587,81,42
1588,36,78
1589,76,25
1590,44,28
1591,51,42
1592,63,68
1593,96,20
1594,43,88
1595,16,53
1596,27,8
1597,24,27
1598,27,69
1599,16,66
1600,1,7
1601,52,3
1602,48,7
1603,26,32
1604,46,91
1605,98,24
1606,90,9
1607,77,91
1608,73,83
1609,97,60
1610,10,85
1611,70,90
1612,74,24
1613,39,59
1614,88,62
1615,14,3
1616,80,68
1617,40,0
1618,56,95
1619,71,13
1620,1,76
1621,13,4
1622,42,47
1623,80,67
1624,43,35
1625,89,79
1626,18,76
1627,41,25
1628,9,78
1629,47,88
1630,78,7
1631,89,7
1632,28,75
1633,94,89
1634,20,59
1635,63,24
1636,96,41
1637,45,78
1638,39,30
1639,95,92
1640,49,7
1641,96,36
1642,61,54
1643,75,87
1644,97,52
1645,56,35
1646,74,36
1647,4,79
1648,84,61
1649,74,68
1650,80,33
1651,82,86
1652,60,94
1653,57,10
1654,90,41
1655,12,78
1656,5,91
1657,73,70
1658,66,16
1659,12,71
1660,67,43
1661,61,73
1662,27,24
1663,42,51
1664,63,47
1665,56,45
1666,10,38
1667,85,4
1668,96,62
1669,67,39
1670,62,39
1671,13,53
1672,30,34
1673,40,76
1674,54,30
1675,51,95
1676,0,35
1677,4,35
1678,53,76
1679,82,46
1680,17,23
1681,41,77
1682,61,12
1683,55,99
1684,67,21
1685,98,77
1686,91,46
1687,27,81
1688,59,32
1689,76,2
1690,0,89
1691,55,51
1692,28,34
1693,23,86
1694,82,9
1695,14,12
1696,99,43
1697,48,28
1698,8,67
1699,68,65
1700,62,72
1701,32,96
1702,49,13
1703,70,52
1704,1,42
1705,61,6
1706,12,36
1707,92,90
1708,49,55
1709,80,20
1710,10,15
1711,7,74
1712,61,8
1713,55,11
1714,69,64
1715,6,61
1716,1,51
1717,51,64
1718,31,20
1719,26,50
1720,8,45
1721,96,14
1722,47,60
1723,86,91
1724,13,59
1725,90,79
1726,93,52
1727,11,33
1728,54,93
1729,34,60
1730,48,96
1731,12,73
1732,99,54
1733,16,88
1734,2,12
1735,80,9
1736,19,1
1737,65,29
1738,66,79
1739,30,63
1740,57,76
1741,70,21
1742,43,36
1743,8,73
1744,68,82
1745,17,87
1746,87,91
1747,63,94
1748,85,90
1749,56,48
1750,75,30
1751,10,29
1752,11,75
1753,88,25
1754,10,99
1755,46,5
1756,64,70
1757,25,97
1758,43,38
1759,16,32
1760,59,19
1761,49,99
1762,73,64
1763,39,85
1764,34,15
1765,89,75
1766,28,14
1767,89,47
1768,82,74
1769,44,24
1770,81,24
1771,95,0
1772,87,69
1773,58,80
1774,9,4
1775,91,62
1776,2,67
1777,23,56
1778,68,25
1779,88,83
1780,23,86
1781,73,49
1782,78,48
1783,24,35
1784,99,62
1785,20,78
1786,24,39
1787,79,87
1788,7,74
1789,2,97
1790,91,14
1791,36,63
1792,41,28
1793,82,8
1794,3,92
1795,96,28
1796,6,71
1797,57,29
1798,86,3
1799,38,24
1800,29,25
1801,64,2
1802,23,94
1803,17,65
1804,76,58
1805,79,63
1806,74,1
1807,59,47
1808,73,47
1809,73,42
1810,28,72
1811,87,80
1812,88,21
1813,25,88
1814,76,66
1815,93,36
1816,24,63
1817,72,7
1818,40,96
1819,0,40
1820,59,2
1821,29,54
1822,22,31
1823,26,44
1824,90,51
1825,34,22
1826,50,13
1827,14,31
1828,80,82
1829,71,82
1830,57,2
1831,38,8
1832,70,57
1833,18,59
1834,12,0
1835,88,14
1836,77,2
1837,80,31
1838,85,42
1839,46,26
1840,34,95
1841,62,54
1842,1,61
1843,98,74
1844,19,14
1845,21,3
1846,92,80
1847,92,76
1848,24,75
1849,11,79
1850,43,34
1851,89,2
1852,52,21
1853,52,37
1854,32,73
1855,23,94
1856,71,31
1857,47,80
1858,59,90
1859,66,52
1860,40,60
1861,62,71
1862,96,72
1863,89,95
1864,11,91
1865,63,34
1866,7,98
1867,69,41
1868,99,92
1869,93,96
1870,62,38
1871,66,79
1872,26,76
1873,66,75
1874,25,72
1875,27,23
1876,45,90
1877,6,10
1878,88,31
1879,37,19
1880,23,44
1881,0,91
1882,88,51
1883,9,81
1884,56,49
1885,38,99
1886,53,69
1887,97,75
1888,71,89
1889,56,73
1890,63,64
1891,35,83
1892,50,3
1893,63,55
1894,30,17
1895,68,2
1896,2,90
1897,49,10
1898,63,34
1899,43,44
1900,16,35
1901,76,45
1902,46,61
1903,7,99
1904,68,17
1905,90,6
1906,66,71
1907,8,70
1908,90,94
1909,34,25
1910,80,46
1911,46,22
1912,72,57
1913,99,47
1914,94,8
1915,59,87
1916,57,74
1917,18,95
1918,2,31
1919,39,72
1920,77,61
1921,80,40
1922,92,91
1923,14,39
1924,27,54
1925,99,27
1926,74,45
1927,59,7
1928,76,70
1929,23,72
1930,8,17
1931,21,29
1932,90,93
1933,42,28
1934,78,71
1935,36,29
1936,50,88
1937,89,49
1938,53,3
1939,51,89
1940,36,23
1941,20,91
1942,46,54
1943,55,10
1944,89,10
1945,80,62
1946,11,41
1947,87,57
1948,95,31
1949,7,77
1950,57,98
1951,76,13
1952,13,58
1953,39,84
1954,45,17
1955,5,22
1956,27,44
1957,81,92
1958,60,92
1959,28,83
1960,11,48
1961,52,76
1962,72,49
1963,78,67
1964,70,96
1965,48,97
1966,3,49
1967,70,78
1968,32,72
1969,49,36
1970,19,96
1971,83,24
1972,10,46
1973,16,99
1974,70,9
1975,75,51
1976,93,74
1977,82,54
1978,88,21
1979,49,89
1980,13,60
1981,82,63
1982,47,66
1983,78,28
1984,55,89
1985,29,29
1986,19,26
1987,12,16
1988,86,98
1989,21,3
1990,66,6
1991,52,78
1992,62,32
1993,44,47
1994,18,11
1995,93,90
1996,44,82
1997,58,96
1998,55,28
1999,6,0
2000,14,51
2001,80,45
2002,51,88
2003,38,36
2004,30,14
2005,72,24
2006,64,96
2007,26,70
2008,15,32
2009,24,99
2010,76,73
2011,65,3
2012,48,21
2013,88,61
2014,51,9
2015,62,36
2016,16,25
2017,28,10
2018,52,64
2019,13,14
2020,58,51
2021,7,80
2022,30,12
2023,55,23
2024,91,27
2025,19,60
2026,46,2
2027,84,5
2028,58,79
2029,89,52
2030,68,96
2031,18,85
2032,96,9
2033,40,54
2034,15,59
2035,87,72
2036,58,24
2037,51,31
2038,97,22
2039,2,54
2040,18,4
2041,31,10
2042,94,41
2043,83,11
2044,40,34
2045,24,50
2046,94,11
2047,20,65
2048,36,23
2049,78,15
2050,30,20
2051,60,4
2052,10,92
2053,27,58
2054,30,53
2055,53,43
2056,35,16
2057,55,61
2058,64,58
2059,80,9
2060,99,52
2061,98,37
2062,58,83
2063,80,51
2064,99,16
2065,39,42
2066,16,28
2067,71,56
2068,82,6
2069,84,10
2070,15,73
2071,87,2
2072,91,34
2073,10,8
2074,53,39
2075,54,41
2076,56,99
2077,60,38
2078,88,43
2079,53,44
2080,47,92
2081,6,33
2082,7,49
2083,50,35
2084,59,14
2085,16,69
2086,84,48
2087,77,13
2088,27,26
2089,66,39
2090,64,67
2091,2,21
2092,68,99
2093,91,79
2094,35,6
2095,1,89
2096,41,11
2097,77,23
2098,21,8
2099,79,65
2100,1,68
2101,93,16
2102,52,57
2103,93,64
2104,13,24
2105,98,26
2106,36,65
2107,46,49
2108,53,86
2109,32,74
2110,57,76
2111,84,34
2112,20,34
2113,44,10
2114,27,93
2115,69,79
2116,67,4
2117,12,87
2118,15,17
2119,84,95
2120,27,89
2121,85,37
2122,64,95
2123,78,35
2124,7,75
2125,94,68
2126,63,92
2127,62,31
2128,56,69
2129,27,71
2130,40,75
2131,99,24
2132,60,6
2133,70,13
2134,65,44
2135,6,55
2136,83,87
2137,12,93
2138,9,62
2139,77,31
2140,57,5
2141,46,93
2142,1,61
2143,49,39
2144,96,46
2145,28,0
2146,82,44
2147,87,14
2148,63,89
2149,86,90
2150,79,59
2151,2,53
2152,91,82
2153,69,5
2154,17,13
2155,82,9
2156,58,60
2157,44,34
2158,61,3
2159,5,64
2160,74,39
2161,91,57
2162,59,66
2163,20,62
2164,6,67
2165,60,38
2166,41,72
2167,69,87
2168,50,30
2169,42,60
2170,21,33
2171,71,85
2172,40,8
2173,84,79
2174,30,57
2175,83,28
2176,52,43
2177,63,62
2178,95,20
2179,28,67
2180,7,76
2181,87,63
2182,36,24
2183,55,53
2184,11,61
2185,77,71
2186,8,89
2187,64,96
2188,16,54
2189,18,31
2190,88,34
2191,88,25
2192,2,10
2193,58,11
2194,71,38
2195,5,61
2196,12,9
2197,78,94
2198,26,25
2199,44,34
2200,41,59
2201,85,28
2202,36,22
2203,77,70
2204,54,80
2205,47,90
2206,44,78
2207,9,3
2208,42,21
2209,64,27
2210,61,10
2211,98,76
2212,44,28
2213,67,6
2214,54,97
2215,3,83
2216,82,41
2217,87,35
2218,6,39
2219,62,16
2220,35,16
2221,64,39
2222,28,41
2223,37,13
2224,74,31
2225,99,47
2226,66,55
2227,56,87
2228,18,84
2229,29,30
2230,65,9
2231,99,97
2232,41,80
2233,0,17
2234,18,18
2235,92,17
2236,37,33
2237,57,88
2238,26,29
2239,27,72
2240,58,89
2241,47,48
2242,93,17
2243,41,74
2244,90,68
2245,2,34
2246,21,40
2247,49,41
2248,85,76
2249,0,32
2250,36,46
2251,88,37
2252,76,7
2253,50,11
2254,79,49
2255,95,43
2256,93,23
2257,88,17
2258,16,30
2259,13,65
2260,40,49
2261,0,47
2262,44,97
2263,44,7
2264,37,18
2265,86,7
2266,43,32
2267,73,84
2268,12,54
2269,21,60
2270,90,83
2271,77,22
2272,18,18
2273,9,49
2274,33,79
2275,40,61
2276,89,5
2277,39,29
2278,89,57
2279,85,12
2280,63,55
2281,44,57
2282,34,75
2283,90,5
2284,25,31
2285,77,56
2286,95,55
2287,66,83
2288,96,12
2289,67,31
2290,88,65
2291,64,42
2292,10,21
2293,7,63
2294,37,17
2295,94,44
2296,82,22
2297,74,56
2298,18,21
2299,35,90
2300,83,2
2301,26,64
2302,69,14
2303,15,25
2304,53,23
2305,78,25
2306,21,91
2307,44,4
2308,15,86
2309,12,7
2310,10,53
2311,68,78
2312,25,89
2313,34,36
2314,68,11
2315,10,60
2316,91,81
2317,81,24
2318,25,76
2319,2,75
2320,56,49
2321,75,75
2322,62,6
2323,14,43
2324,80,8
2325,20,33
2326,4,67
2327,7,89
2328,12,87
2329,92,78
2330,82,66
2331,66,7
2332,44,7
2333,66,66
2334,92,37
2335,44,74
2336,87,99
2337,42,13
2338,99,83
2339,76,9
2340,17,5
2341,72,79
2342,68,55
2343,69,86
2344,22,69
2345,60,46
2346,69,57
2347,21,67
2348,92,54
2349,33,56
2350,65,64
2351,23,12
2352,46,56
2353,59,8
2354,98,79
2355,95,15
2356,47,44
2357,51,10
2358,91,60
2359,67,43
2360,29,33
2361,28,60
2362,93,51
2363,44,2
2364,10,25
2365,81,71
2366,14,31
2367,16,35
2368,53,84
2369,6,32
2370,81,64
2371,49,15
2372,59,67
2373,44,49
2374,7,32
2375,79,17
2376,7,94
2377,46,8
2378,54,63
2379,46,43
2380,46,61
2381,96,57
2382,5,73
2383,99,6
2384,91,18
2385,76,10
2386,18,3
2387,24,78
2388,6,43
2389,84,17
2390,91,71
2391,55,67
2392,38,97
2393,78,66
2394,58,5
2395,66,64
2396,56,69
2397,55,46
2398,11,77
2399,36,95
2400,44,8
2401,93,25
2402,10,40
2403,16,20
2404,35,45
2405,77,15
2406,39,38
2407,46,99
2408,93,21
2409,97,31
2410,78,53
2411,63,30
2412,84,73
2413,20,5
2414,15,19
2415,29,51
2416,86,29
2417,5,60
2418,28,97
2419,1,62
2420,29,93
2421,84,45
2422,54,97
2423,61,52
2424,64,83
2425,49,73
2426,1,3
2427,83,74
2428,28,31
2429,85,90
2430,70,2
2431,35,33
2432,22,71
2433,79,39
2434,50,21
2435,45,6
2436,35,43
2437,57,15
2438,77,40
2439,61,56
2440,70,24
2441,99,50
2442,0,16
2443,2,79
2444,43,5
2445,43,4
2446,14,44
2447,38,31
2448,37,60
2449,51,51
2450,46,20
2451,57,55
2452,24,75
2453,21,76
2454,90,62
2455,37,41
2456,41,26
2457,70,35
2458,11,82
2459,99,91
2460,16,33
2461,19,71
2462,28,85
2463,40,98
2464,18,68
2465,84,14
2466,15,41
2467,25,51
2468,80,83
2469,48,12
2470,55,44
2471,21,22
2472,23,77
2473,94,43
2474,50,75
2475,36,18
2476,14,86
2477,26,95
2478,32,13
2479,43,6
2480,45,74
2481,7,24
2482,59,61
2483,62,44
2484,63,79
2485,86,23
2486,17,17
2487,35,28
2488,8,1
2489,31,5
2490,12,90
2491,51,88
2492,18,17
2493,33,88
2494,78,22
2495,8,80
2496,50,72
2497,13,22
2498,7,66
2499,43,53
2500,21,5
2501,25,96
2502,12,25
2503,13,81
2504,49,6
2505,89,20
2506,30,56
2507,14,43
2508,0,96
2509,74,5
2510,86,75
2511,51,97
2512,60,24
2513,53,69
2514,47,80
2515,53,49
2516,61,11
2517,19,71
2518,72,22
2519,31,39
2520,21,2
2521,54,45
2522,58,13
2523,57,35
2524,81,58
2525,11,34
2526,95,8
2527,25,42
2528,98,20
2529,82,68
2530,58,49
2531,24,16
2532,10,49
2533,59,62
2534,83,38
2535,14,23
2536,36,31
2537,96,35
2538,9,66
2539,45,12
2540,96,82
2541,43,15
2542,21,36
2543,77,80
2544,67,79
2545,42,82
2546,92,90
2547,85,90
2548,79,85
2549,44,66
2550,13,2
2551,99,92
2552,76,22
2553,94,81
2554,38,2
2555,66,66
2556,52,51
2557,54,5
2558,94,72
2559,14,30
2560,94,86
2561,79,58
2562,91,22
2563,98,63
2564,50,7
2565,86,27
2566,7,8
2567,19,50
2568,6,99
2569,63,33
2570,88,29
2571,2,5
2572,46,40
2573,99,76
2574,91,19
2575,9,49
2576,3,99
2577,23,44
2578,93,19
2579,98,3
2580,29,42
2581,91,69
2582,50,85
2583,93,26
2584,45,54
2585,36,54
2586,22,39
2587,21,76
2588,97,94
2589,44,97
2590,2,80
2591,32,81
2592,65,53
2593,28,43
2594,61,34
2595,62,51
2596,58,81
2597,84,67
2598,15,92
2599,2,16
2600,18,36
2601,66,13
2602,91,57
2603,53,1
2604,82,66
2605,59,35
2606,67,62
2607,20,13
2608,94,17
2609,13,14
2610,48,99
2611,8,99
2612,40,8
2613,57,58
2614,96,55
2615,14,18
2616,18,38
2617,26,96
2618,69,28
2619,76,18
2620,76,70
2621,23,42
2622,32,55
2623,89,64
2624,23,29
2625,99,24
2626,66,18
2627,34,95
2628,95,94
2629,69,10
2630,54,52
2631,30,37
2632,8,36
2633,75,80
2634,92,35
2635,76,62
2636,89,26
2637,28,6
2638,30,97
2639,19,91
2640,27,68
2641,3,68
2642,9,25
2643,35,65
2644,66,87
2645,94,81
2646,19,86
2647,1,38
2648,6,83
2649,59,13
2650,44,42
2651,45,66
2652,16,71
2653,30,29
2654,18,44
2655,59,22
2656,97,80
2657,83,43
2658,77,93
2659,95,99
2660,27,94
2661,69,87
2662,64,58
2663,2,21
2664,45,57
2665,38,2
2666,89,10
2667,36,90
2668,43,21
2669,53,92
2670,99,6
2671,34,97
2672,22,69
2673,83,71
2674,0,68
2675,11,11
2676,7,12
2677,16,41
2678,91,17
2679,46,71
2680,42,5
2681,85,36
2682,89,42
2683,52,47
2684,84,51
2685,80,72
2686,60,78
2687,2,31
2688,23,49
2689,23,14
2690,98,56
2691,66,5
2692,30,55
2693,85,21
2694,17,27
2695,18,56
2696,94,49
2697,91,63
2698,60,25
2699,42,41
2700,74,38
2701,50,48
2702,43,50
2703,67,93
2704,5,6
2705,31,44
2706,87,15
2707,33,16
2708,27,57
2709,48,83
2710,82,2
2711,44,62
2712,91,8
2713,44,98
2714,54,53
2715,64,16
2716,14,23
2717,39,75
2718,99,74
2719,83,89
2720,87,27
2721,66,95
2722,99,42
2723,96,87
2724,66,16
2725,27,9
2726,63,39
2727,92,29
2728,17,71
2729,86,4
2730,17,25
2731,99,27
2732,14,48
2733,47,6
2734,64,78
2735,99,69
2736,17,95
2737,90,22
2738,62,65
2739,69,42
2740,9,80
2741,88,83
2742,91,44
2743,28,10
2744,27,35
2745,17,48
2746,62,94
2747,21,2
2748,14,95
2749,27,97
2750,90,98
2751,61,82
2752,24,70
2753,14,34
2754,0,73
2755,67,52
2756,36,49
2757,13,28
2758,26,70
2759,1,0
2760,64,19
2761,44,9
2762,37,70
2763,33,57
2764,91,92
2765,46,1
2766,25,78
2767,49,60
2768,68,73
2769,89,91
2770,1,46
2771,56,19
2772,11,14
2773,75,30
2774,42,71
2775,63,70
2776,36,57
2777,61,52
2778,75,63
2779,27,83
2780,88,0
2781,93,63
2782,29,64
2783,36,16
2784,38,81
2785,16,18
2786,27,80
2787,19,71
2788,49,37
2789,68,52
2790,65,19
2791,74,17
2792,43,70
2793,94,58
2794,96,70
2795,36,18
2796,10,11
2797,95,17
2798,76,75
2799,28,39
2800,21,33
2801,54,47
2802,65,45
2803,16,28
2804,72,66
2805,3,65
2806,59,19
2807,79,90
2808,1,60
2809,0,47
2810,36,5
2811,44,74
2812,19,6
2813,77,41
2814,25,19
2815,62,57
2816,80,77
2817,6,27
2818,10,30
2819,24,65
2820,0,27
2821,32,21
2822,74,90
2823,35,21
2824,92,60
2825,96,19
2826,68,95
2827,74,44
2828,61,55
2829,83,26
2830,75,82
2831,19,56
2832,92,93
2833,88,32
2834,23,93
2835,69,19
2836,21,75
2837,22,7
2838,47,14
2839,49,47
2840,55,97
2841,79,37
2842,38,91
2843,73,38
2844,39,80
2845,82,96
2846,94,85
2847,3,7
2848,76,19
2849,14,7
2850,16,80
2851,6,34
2852,64,86
2853,80,24
2854,74,18
2855,72,55
2856,33,21
2857,74,22
2858,26,5
2859,26,57
2860,32,84
2861,13,17
2862,3,9
2863,80,5
2864,3,25
2865,39,78
2866,56,27
2867,84,46
2868,46,39
2869,13,34
2870,62,37
2871,71,92
2872,24,36
2873,6,52
2874,66,83
2875,77,20
2876,66,13
2877,28,60
2878,56,48
2879,70,94
2880,8,89
2881,56,90
2882,54,95
2883,99,58
2884,89,87
2885,81,84
2886,20,37
2887,60,97
2888,30,70
2889,37,21
2890,54,26
2891,26,24
2892,23,55
2893,73,94
2894,31,15
2895,14,77
2896,60,95
2897,77,31
2898,9,27
2899,79,10
2900,37,66
2901,57,26
2902,7,87
2903,65,58
2904,27,56
2905,14,67
2906,55,70
2907,31,22
2908,19,86
2909,65,94
2910,15,40
2911,25,76
2912,77,91
2913,86,82
2914,67,6
2915,58,58
2916,91,42
2917,26,69
2918,13,71
2919,10,53
2920,23,0
2921,42,3
2922,87,57
2923,54,70
2924,34,48
2925,15,78
2926,14,32
2927,48,33
2928,23,34
2929,40,65
2930,90,53
2931,15,97
2932,51,58
2933,19,37
2934,52,59
2935,35,94
2936,59,81
2937,4,28
2938,26,13
2939,0,28
2940,90,9
2941,75,37
2942,0,68
2943,87,34
2944,54,48
2945,38,16
2946,84,14
2947,40,57
2948,0,91
2949,70,67
2950,90,31
2951,18,23
2952,67,5
2953,14,16
2954,81,32
2955,3,61
2956,76,98
2957,70,4
2958,49,68
2959,66,68
2960,4,76
2961,4,43
2962,15,93
2963,83,10
2964,96,28
2965,46,38
2966,22,17
2967,94,32
2968,19,19
2969,94,76
2970,65,70
2971,20,26
2972,87,17
2973,29,69
2974,27,39
2975,50,53
2976,53,73
2977,49,31
2978,8,11
2979,2,96
2980,36,50
2981,72,54
2982,57,89
2983,89,63
2984,33,81
2985,81,91
2986,48,4
2987,66,66
2988,73,41
2989,12,24
2990,1,67
2991,34,81
2992,31,10
2993,42,21
2994,23,66
2995,77,51
2996,10,42
2997,20,80
2998,20,48
2999,34,75
3000,83,12
3001,48,81
3002,95,8
3003,27,63
3004,2,10
3005,85,34
3006,25,79
3007,33,61
3008,0,16
3009,37,78
3010,36,52
3011,74,76
3012,99,42
3013,68,36
3014,89,10
3015,1,35
3016,68,79
3017,1,66
3018,14,97
3019,64,54
3020,30,60
3021,7,4
3022,25,71
3023,20,4
3024,67,91
3025,22,21
3026,48,76
3027,61,48
3028,32,14
3029,21,25
3030,78,33
3031,55,24
3032,44,35
3033,90,15
3034,41,6
3035,29,34
3036,18,80
3037,15,88
3038,46,41
3039,22,92
3040,34,75
3041,20,51
3042,64,56
3043,89,5
3044,40,19
3045,47,24
3046,78,52
3047,9,39
3048,63,21
3049,11,63
3050,54,67
3051,62,22
3052,23,8
3053,4,16
3054,41,76
3055,70,61
3056,93,5
3057,3,0
3058,75,1
3059,27,34
3060,60,13
3061,77,28
3062,95,43
3063,99,65
3064,92,47
3065,83,6
3066,33,65
3067,43,57
3068,6,82
3069,28,25
3070,78,42
3071,58,31
3072,41,79
3073,95,78
3074,51,86
3075,18,48
3076,26,15
3077,78,37
3078,98,69
3079,76,45
3080,80,99
3081,56,28
3082,56,86
3083,20,85
3084,10,53
3085,40,75
3086,11,30
3087,32,41
3088,72,4
3089,14,53
3090,64,29
3091,12,23
3092,83,82
3093,23,14
3094,19,57
3095,68,48
3096,64,36
3097,24,19
3098,59,30
3099,89,83
3100,96,71
3101,91,2
3102,29,4
3103,12,5
3104,69,85
3105,1,76
3106,72,49
3107,93,81
3108,44,26
3109,92,46
3110,9,37
3111,68,57
3112,90,66
3113,2,20
3114,25,92
3115,40,51
3116,62,48
3117,0,71
3118,3,2
3119,39,60
3120,3,69
3121,67,0
3122,6,75
3123,67,22
3124,34,30
3125,74,84
3126,0,36
3127,41,20
3128,14,22
3129,87,86
3130,8,76
3131,52,58
3132,80,56
3133,71,32
3134,78,39
3135,15,72
3136,96,62
3137,72,78
3138,32,69
3139,11,2
3140,4,21
3141,21,25
3142,54,12
3143,90,15
3144,81,9
3145,50,43
3146,28,84
3147,29,73
3148,78,95
3149,17,55
3150,98,65
3151,6,68
3152,48,54
3153,95,27
3154,15,14
3155,25,96
3156,49,43
3157,87,75
3158,93,58
3159,35,9
3160,73,55
3161,84,20
3162,3,78
3163,85,74
3164,94,60
3165,0,63
3166,55,12
3167,9,74
3168,5,20
3169,33,89
3170,7,92
3171,8,75
3172,75,42
3173,88,2
3174,10,19
3175,42,30
3176,37,69
3177,92,45
3178,11,41
3179,83,97
3180,84,89
3181,21,90
3182,7,46
3183,67,24
3184,8,66
3185,42,7
3186,1,85
3187,46,63
3188,70,25
3189,88,53
3190,42,68
3191,97,16
3192,37,78
3193,43,4
3194,95,87
3195,95,66
3196,56,20
3197,97,67
3198,78,96
3199,31,21
3200,63,12
3201,70,73
3202,83,53
3203,97,48
3204,73,19
3205,58,69
3206,26,9
3207,39,34
3208,25,37
3209,25,78
3210,68,8
3211,73,92
3212,79,74
3213,73,52
3214,36,68
3215,5,19
3216,78,68
3217,92,36
3218,9,70
3219,51,49
3220,3,47
3221,5,92
3222,84,89
3223,54,4
3224,40,41
3225,57,94
3226,38,1
3227,66,78
3228,55,82
3229,1,7
3230,93,67
3231,28,57
3232,8,62
3233,77,3
3234,23,99
3235,35,96
3236,6,54
3237,85,16
3238,48,35
3239,33,67
3240,31,28
3241,22,34
3242,29,52
3243,73,37
3244,53,53
3245,88,16
3246,81,30
3247,50,76
3248,39,71
3249,54,83
3250,77,53
3251,10,98
3252,16,31
3253,47,15
3254,91,50
3255,38,7
3256,54,19
3257,86,47
3258,30,75
3259,43,32
3260,82,18
3261,37,11
3262,17,22
3263,66,37
3264,45,5
3265,96,52
3266,38,2
3267,84,79
3268,57,74
3269,88,74
3270,21,30
3271,88,78
3272,23,63
3273,25,95
3274,30,73
3275,9,35
3276,25,97
3277,86,38
3278,19,87
3279,87,36
3280,43,55
3281,38,98
3282,21,96
3283,95,6
3284,43,25
3285,11,31
3286,13,26
3287,36,12
3288,97,33
3289,62,48
3290,6,82
3291,50,48
3292,72,54
3293,38,39
3294,68,37
3295,20,44
3296,57,94
3297,91,80
3298,84,27
3299,33,6
3300,58,64
3301,33,52
3302,49,47
3303,5,13
3304,0,23
3305,62,15
3306,51,31
3307,82,36
3308,25,64
3309,19,45
3310,84,71
3311,18,51
3312,21,99
3313,82,38
3314,57,40
3315,83,37
3316,83,71
3317,1,8
3318,53,33
3319,69,51
3320,18,52
3321,38,66
3322,6,3
3323,80,87
3324,8,53
3325,68,54
3326,97,56
3327,81,42
3328,7,57
3329,33,55
3330,87,17
3331,23,44
3332,97,9
3333,17,13
3334,79,63
3335,85,60
3336,39,81
3337,19,66
3338,72,34
3339,38,50
3340,16,33
3341,85,19
3342,22,37
3343,29,64
3344,9,72
3345,68,39
3346,0,10
3347,37,79
3348,69,69
3349,23,27
3350,18,8
3351,53,74
3352,15,34
3353,31,65
3354,55,65
3355,43,39
3356,41,79
3357,80,11
3358,46,38
3359,23,58
3360,91,28
3361,3,70
3362,10,89
3363,10,24
3364,66,18
3365,74,91
3366,63,59
3367,19,57
3368,3,36
3369,84,51
3370,44,87
3371,55,72
3372,2,68
3373,78,64
3374,79,68
3375,8,92
3376,65,70
3377,67,87
3378,69,50
3379,64,9
3380,83,55
3381,62,14
3382,37,57
3383,16,86
3384,63,48
3385,76,46
3386,56,83
3387,25,13
3388,78,63
3389,30,48
3390,53,8
3391,87,99
3392,47,80
3393,71,95
3394,88,74
3395,34,96
3396,68,4
3397,20,16
3398,84,79
3399,88,70
3400,76,35
3401,47,47
3402,45,52
3403,61,31
3404,46,18
3405,27,73
3406,21,83
3407,14,35
3408,55,42
3409,49,10
3410,16,25
3411,98,44
3412,88,37
3413,78,41
3414,20,81
3415,81,71
3416,41,87
3417,7,29
3418,48,19
3419,51,23
3420,22,76
3421,1,70
3422,59,22
3423,27,54
3424,42,80
3425,32,63
3426,74,88
3427,52,8
3428,78,73
3429,93,10
3430,99,95
3431,62,88
3432,81,81
3433,37,40
3434,20,26
3435,56,61
3436,19,93
3437,86,96
3438,4,9
3439,44,2
3440,65,65
3441,44,3
3442,27,0
3443,89,31
3444,28,40
3445,95,64
3446,59,25
3447,97,42
3448,38,21
3449,51,80
3450,26,81
3451,58,44
3452,32,68
3453,58,71
3454,32,36
3455,27,95
3456,72,75
3457,59,68
3458,37,52
3459,92,62
3460,18,85
3461,81,67
3462,5,96
3463,52,83
3464,72,32
3465,77,4
3466,81,91
3467,7,99
3468,73,23
3469,97,39
3470,89,23
3471,16,26
3472,64,76
3473,13,72
3474,99,60
3475,27,47
3476,6,78
3477,27,31
3478,50,85
3479,81,49
3480,14,53
3481,97,69
3482,89,26
3483,22,17
3484,6,2
3485,46,4
3486,50,45
3487,82,73
3488,55,39
3489,98,72
3490,87,62
3491,41,36
3492,31,88
3493,81,2
3494,94,36
3495,44,10
3496,17,56
3497,23,80
3498,58,27
3499,94,31
3500,9,9
3501,28,50
3502,7,52
3503,46,50
3504,79,55
3505,39,21
3506,10,17
3507,31,3
3508,86,80
3509,89,68
3510,63,40
3511,55,50
3512,1,89
3513,85,98
3514,33,68
3515,81,3
3516,78,9
3517,23,15
3518,62,36
3519,97,58
3520,96,77
3521,83,25
3522,10,46
3523,6,86
3524,1,51
3525,60,2
3526,59,59
3527,61,25
3528,52,1
3529,23,42
3530,26,77
3531,45,4
3532,5,89
3533,82,66
3534,91,0
3535,29,80
3536,46,79
3537,89,31
3538,79,45
3539,58,70
3540,67,34
3541,11,28
3542,40,0
3543,66,81
3544,22,27
3545,73,25
3546,50,86
3547,87,8
3548,30,71
3549,99,6
3550,95,15
3551,15,57
3552,80,80
3553,78,90
3554,96,67
3555,49,71
3556,44,71
3557,18,38
3558,48,14
3559,7,5
3560,67,78
3561,68,54
3562,35,29
3563,26,90
3564,5,56
3565,79,45
3566,89,44
3567,91,89
3568,55,40
3569,27,22
3570,73,28
3571,75,35
3572,18,19
3573,82,74
3574,98,20
3575,76,39
3576,60,31
3577,76,13
3578,7,87
3579,25,50
3580,42,97
3581,22,7
3582,99,94
3583,31,59
3584,1,2
3585,2,15
3586,71,89
3587,24,8
3588,66,83
3589,61,22
3590,42,22
3591,83,15
3592,8,21
3593,97,45
3594,99,59
3595,6,85
3596,45,67
3597,68,17
3598,30,45
3599,46,47
3600,26,51
3601,99,55
3602,21,52
3603,0,89
3604,4,21
3605,64,29
3606,15,82
3607,42,81
3608,94,69
3609,35,24
3610,16,8
3611,42,18
3612,16,21
3613,20,26
3614,80,57
3615,82,12
3616,26,5
3617,16,32
3618,96,75
3619,2,97
3620,70,83
3621,65,29
3622,72,9
3623,39,97
3624,92,13
3625,53,8
3626,47,74
3627,42,42
3628,18,65
3629,72,2
3630,12,66
3631,46,88
3632,82,81
3633,2,43
3634,27,69
3635,26,39
3636,12,77
3637,85,9
3638,3,80
3639,13,53
3640,15,66
3641,77,3
3642,20,68
3643,88,49
3644,63,93
3645,73,52
3646,15,18
3647,27,72
3648,15,84
3649,75,85
3650,64,79
3651,68,64
3652,36,88
3653,9,36
3654,28,11
3655,6,33
3656,24,61
3657,35,81
3658,71,54
3659,25,61
3660,31,9
3661,62,69
3662,12,44
3663,15,25
3664,4,40
3665,69,59
3666,91,1
3667,24,32
3668,87,10
3669,66,26
3670,1,38
3671,15,49
3672,74,89
3673,33,88
3674,95,23
3675,66,26
3676,59,95
3677,12,93
3678,38,45
3679,41,35
3680,44,22
3681,35,60
3682,10,46
3683,99,48
3684,94,56
3685,93,19
3686,52,14
3687,7,44
3688,24,3
3689,23,65
3690,60,65
3691,65,41
3692,37,35
3693,9,58
3694,93,11
3695,23,45
3696,7,43
3697,76,79
3698,71,68
3699,84,21
3700,18,23
3701,55,21
3702,79,87
3703,99,33
3704,96,90
3705,27,69
3706,4,37
3707,48,11
3708,40,87
3709,41,42
3710,40,44
3711,13,99
3712,99,28
3713,6,30
3714,59,87
3715,78,62
3716,37,97
3717,89,26
3718,25,58
3719,76,72
3720,58,27
3721,44,73
3722,46,15
3723,74,74
3724,52,31
3725,84,31
3726,2,77
3727,47,43
3728,85,47
3729,93,62
3730,43,53
3731,72,34
3732,39,10
3733,10,9
3734,35,89
3735,41,50
3736,23,54
3737,87,76
3738,11,96
3739,53,73
3740,41,1
3741,54,33
3742,81,49
3743,79,63
3744,47,99
3745,34,76
3746,55,78
3747,61,68
3748,6,11
3749,28,26
3750,97,48
3751,33,5
3752,66,23
3753,26,3
3754,46,45
3755,99,98
3756,4,34
3757,36,38
3758,69,67
3759,9,37
3760,88,95
3761,44,79
3762,22,0
3763,3,61
3764,11,32
3765,38,13
3766,4,65
3767,19,83
3768,74,75
3769,69,51
3770,41,75
3771,45,78
3772,62,98
3773,15,53
3774,99,1
3775,97,3
3776,50,83
3777,84,1
3778,23,75
3779,87,63
3780,11,99
3781,66,71
3782,43,63
3783,50,13
3784,95,71
3785,71,82
3786,56,38
3787,93,54
3788,16,4
3789,57,97
3790,38,72
3791,8,44
3792,47,26
3793,29,99
3794,2,60
3795,32,6
3796,76,44
3797,80,22
3798,33,25
3799,15,0
3800,92,36
3801,38,89
3802,80,94
3803,49,85
3804,64,9
3805,75,72
3806,94,59
3807,24,74
3808,78,51
3809,1,31
3810,15,69
3811,39,89
3812,56,25
3813,1,75
3814,10,57
3815,48,55
3816,64,24
3817,1,55
3818,43,85
3819,98,36
3820,64,87
3821,13,89
3822,7,79
3823,85,95
3824,39,94
3825,61,2
3826,75,93
3827,35,32
3828,93,85
3829,66,95
3830,6,95
3831,45,17
3832,58,11
3833,27,69
3834,8,24
3835,96,78
3836,11,5
3837,43,11
3838,66,57
3839,79,9
3840,1,8
3841,64,41
3842,64,46
3843,20,97
3844,11,13
3845,15,12
3846,83,46
3847,84,85
3848,18,5
3849,96,32
3850,45,71
3851,29,30
3852,21,31
3853,96,55
3854,12,91
3855,62,84
3856,64,97
3857,34,34
3858,41,2
3859,9,24
3860,13,45
3861,81,5
3862,3,67
3863,30,51
3864,98,38
3865,95,34
3866,56,55
3867,80,42
3868,94,23
3869,34,37
3870,80,33
3871,55,81
3872,65,68
3873,57,79
3874,54,27
3875,99,32
3876,30,10
3877,82,45
3878,57,23
3879,39,55
3880,23,59
3881,33,41
3882,12,40
3883,40,61
3884,14,93
3885,19,75
3886,92,70
3887,62,38
3888,70,13
3889,65,78
3890,5,88
3891,1,71
3892,93,13
3893,45,22
3894,11,10
3895,70,17
3896,36,18
3897,7,30
3898,70,60
3899,5,34
3900,51,35
3901,77,41
3902,4,45
3903,26,70
3904,61,23
3905,47,26
3906,3,78
3907,83,75
3908,99,79
3909,94,51
3910,24,46
3911,56,2
3912,63,89
3913,60,32
3914,7,21
3915,80,41
3916,15,23
3917,86,83
3918,21,77
3919,47,72
3920,14,80
3921,6,95
3922,22,86
3923,31,23
3924,78,88
3925,31,88
3926,35,92
3927,84,22
3928,71,58
3929,6,6
3930,0,14
3931,18,70
3932,33,2
3933,3,5
3934,7,7
3935,11,3
3936,15,65
3937,61,6
3938,60,80
3939,79,42
3940,8,55
3941,39,75
3942,62,20
3943,92,74
3944,10,85
3945,26,98
3946,8,39
3947,70,24
3948,44,74
3949,84,99
3950,17,7
3951,41,88
3952,44,13
3953,22,1
3954,68,35
3955,45,34
3956,22,44
3957,49,83
3958,49,40
3959,70,67
3960,97,43
3961,25,40
3962,61,76
3963,91,35
3964,20,56
3965,52,8
3966,55,72
3967,80,34
3968,23,8
3969,80,10
3970,43,2
3971,31,15
3972,53,80
3973,19,91
3974,30,98
3975,19,85
3976,86,1
3977,68,48
3978,89,83
3979,27,70
3980,93,38
3981,59,82
3982,11,15
3983,0,15
3984,9,68
3985,24,81
3986,74,68
3987,71,8
3988,83,66
3989,88,61
3990,73,15
3991,34,65
3992,13,31
3993,22,16
3994,86,34
3995,27,71
3996,16,42
3997,99,69
3998,51,35
3999,39,6
4000,65,53
4001,7,36
4002,51,37
4003,92,97
4004,3,62
4005,55,17
4006,71,91
4007,15,28
4008,81,71
4009,97,76
4010,40,50
4011,27,91
4012,8,93
4013,94,41
4014,97,32
4015,84,4
4016,72,27
4017,22,19
4018,66,56
4019,87,43
4020,62,68
4021,30,15
4022,61,4
4023,41,75
4024,63,87
4025,9,83
4026,14,65
4027,91,17
4028,13,78
4029,32,26
4030,89,72
4031,91,57
4032,66,29
4033,76,67
4034,83,67
4035,23,21
4036,58,23
4037,58,69
4038,48,95
4039,66,31
4040,4,63
4041,36,88
4042,58,57
4043,59,21
4044,77,57
4045,94,55
4046,7,57
4047,4,73
4048,42,81
4049,63,76
4050,1,81
4051,25,6
4052,48,38
4053,55,86
4054,34,68
4055,82,63
4056,36,87
4057,91,92
4058,57,38
4059,22,88
4060,90,24
4061,88,4
4062,60,61
4063,79,21
4064,89,53
4065,92,14
4066,4,32
4067,26,27
4068,10,22
4069,42,39
4070,15,11
4071,61,79
4072,43,26
4073,6,24
4074,84,5
4075,6,83
4076,8,52
4077,82,3
4078,11,90
4079,72,67
4080,72,89
4081,84,39
4082,39,56
4083,86,39
4084,78,46
4085,78,5
4086,31,63
4087,96,6
4088,87,71
4089,36,10
4090,79,19
4091,86,43
4092,68,48
4093,54,2
4094,71,41
4095,46,25
4096,2,12
4097,99,75
4098,41,35
4099,37,96
4100,76,17
4101,81,11
4102,22,15
4103,35,16
4104,4,79
4105,7,5
4106,88,27
4107,17,8
4108,93,98
4109,98,84
4110,0,17
4111,28,13
4112,56,14
4113,14,31
4114,79,39
4115,97,0
4116,3,26
4117,51,71
4118,85,54
4119,89,57
4120,16,88
4121,2,22
4122,63,48
4123,11,18
4124,39,96
4125,26,19
4126,15,73
4127,36,23
4128,27,74
4129,15,9
4130,17,49
4131,99,9
4132,83,49
4133,93,31
4134,73,2
4135,71,41
4136,6,51
4137,60,56
4138,24,37
4139,61,73
4140,88,71
4141,93,88
4142,88,1
4143,46,23
4144,88,98
4145,74,19
4146,43,3
4147,44,3
4148,2,27
4149,1,64
4150,45,52
4151,63,93
4152,19,57
4153,7,64
4154,66,42
4155,17,4
4156,94,7
4157,73,96
4158,15,85
4159,57,9
4160,80,31
4161,93,10
4162,7,48
4163,7,12
4164,88,82
4165,46,19
4166,38,24
4167,13,76
4168,45,67
4169,2,10
4170,95,46
4171,25,63
4172,90,9
4173,85,20
4174,12,66
4175,15,6
4176,2,39
4177,29,43
4178,19,12
4179,46,10
4180,69,34
4181,16,31
4182,29,7
4183,28,38
4184,75,36
4185,31,21
4186,8,20
4187,49,76
4188,62,96
4189,77,51
4190,74,63
4191,34,92
4192,36,51
4193,87,51
4194,45,67
4195,55,8
4196,73,42
4197,90,41
4198,89,27
4199,89,64
4200,57,34
4201,25,15
4202,91,44
4203,96,30
4204,14,12
4205,53,53
4206,68,18
4207,91,16
4208,37,38
4209,16,88
4210,72,97
4211,67,96
4212,38,9
4213,53,73
4214,92,90
4215,12,79
4216,33,58
4217,79,29
4218,2,48
4219,80,39
4220,12,30
4221,36,31
4222,75,21
4223,94,83
4224,69,64
4225,61,18
4226,45,82
4227,66,62
4228,44,71
4229,4,80
4230,0,8
4231,80,80
4232,57,13
4233,40,44
4234,75,74
4235,73,56
4236,36,16
4237,83,78
4238,39,37
4239,41,91
4240,65,45
4241,14,98
4242,37,82
4243,11,76
4244,19,80
4245,57,96
4246,27,75
4247,89,65
4248,24,88
4249,32,75
4250,82,90
4251,88,79
4252,83,84
4253,6,82
4254,64,20
4255,5,4
4256,34,46
4257,7,45
4258,90,4
4259,37,35
4260,72,54
4261,72,68
4262,43,26
4263,13,82
4264,54,77
4265,30,99
4266,67,72
4267,98,10
4268,56,52
4269,69,5
4270,3,28
4271,33,21
4272,49,46
4273,68,21
4274,20,74
4275,52,11
4276,19,2
4277,11,38
4278,65,45
4279,91,0
4280,66,92
4281,14,3
4282,4,1
4283,44,79
4284,32,5
4285,48,24
4286,97,92
4287,75,40
4288,83,58
4289,14,91
4290,82,59
4291,4,19
4292,27,47
4293,58,87
4294,77,50
4295,96,40
4296,29,10
4297,64,61
4298,92,42
4299,47,70
4300,58,69
4301,41,46
4302,95,11
4303,19,33
4304,28,85
4305,46,10
4306,86,60
4307,97,54
4308,68,41
4309,53,30
4310,34,90
4311,93,78
4312,11,37
4313,56,35
4314,91,98
4315,43,87
4316,73,76
4317,75,7
4318,97,47
4319,73,98
4320,8,8
4321,67,60
4322,50,56
4323,59,31
4324,76,75
4325,31,4
4326,64,95
4327,44,93
4328,25,46
4329,73,9
4330,57,31
4331,83,87
4332,60,27
4333,36,90
4334,39,29
4335,20,46
4336,12,48
4337,86,65
4338,25,83
4339,23,62
4340,44,39
4341,40,30
4342,68,0
4343,59,74
4344,38,80
4345,27,78
4346,49,30
4347,36,63
4348,26,63
4349,18,64
4350,98,57
4351,94,88
4352,46,72
4353,68,93
4354,29,6
4355,73,47
4356,23,45
4357,13,41
4358,55,72
4359,46,64
4360,90,22
4361,16,48
4362,36,21
4363,27,34
4364,1,30
4365,35,65
4366,57,69
4367,92,33
4368,79,38
4369,9,2
4370,26,17
4371,85,6
4372,64,79
4373,32,4
4374,97,24
4375,10,65
4376,49,11
4377,40,73
4378,0,36
4379,84,12
4380,27,85
4381,42,22
4382,57,48
4383,51,77
4384,67,58
4385,56,17
4386,36,26
4387,70,22
4388,74,38
4389,42,37
4390,88,72
4391,48,4
4392,43,69
4393,8,68
4394,97,72
4395,7,28
4396,94,98
4397,48,51
4398,65,11
4399,83,24
4400,9,38
4401,13,53
4402,28,89
4403,11,10
4404,0,42
4405,46,7
4406,87,71
4407,66,3
4408,25,53
4409,4,44
4410,13,14
4411,60,56
4412,75,46
4413,14,29
4414,99,16
4415,40,45
4416,1,97
4417,20,95
4418,51,47
4419,68,28
4420,59,77
4421,89,64
4422,92,3
4423,20,39
4424,40,69
4425,57,40
4426,1,81
4427,55,47
4428,35,11
4429,2,2
4430,9,71
4431,2,11
4432,80,72
4433,96,13
4434,87,53
4435,25,68
4436,33,79
4437,95,88
4438,27,95
4439,49,45
4440,23,3
4441,62,78
4442,93,76
4443,22,78
4444,50,96
4445,43,84
4446,26,11
4447,85,27
4448,77,17
4449,28,90
4450,43,71
4451,91,48
4452,17,70
4453,23,30
4454,29,19
4455,86,77
4456,70,34
4457,88,5
4458,56,16
4459,26,87
4460,29,73
4461,5,90
4462,68,16
4463,4,62
4464,45,97
4465,97,68
4466,13,11
4467,31,33
4468,38,53
4469,66,28
4470,57,22
4471,32,38
4472,72,81
4473,88,40
4474,35,4
4475,53,30
4476,97,37
4477,25,48
4478,58,19
4479,46,16
4480,37,61
4481,21,96
4482,85,55
4483,19,26
4484,79,99
4485,84,77
4486,52,20
4487,0,2
4488,67,75
4489,33,37
4490,75,2
4491,14,28
4492,53,32
4493,22,70
4494,36,88
4495,87,72
4496,2,94
4497,34,29
4498,5,61
4499,99,89
4500,83,71
4501,67,27
4502,72,21
4503,31,17
4504,75,77
4505,46,40
4506,65,56
4507,10,95
4508,93,77
4509,55,56
4510,78,75
4511,49,80
4512,38,71
4513,17,60
4514,99,76
4515,82,33
4516,67,9
4517,15,88
4518,63,86
4519,20,72
4520,96,44
4521,34,6
4522,37,47
4523,72,60
4524,20,54
4525,35,71
4526,45,31
4527,29,68
4528,4,55
4529,0,18
4530,73,47
4531,63,10
4532,80,5
4533,91,2
4534,84,69
4535,1,68
4536,39,18
4537,33,98
4538,73,50
4539,43,65
4540,36,6
4541,5,66
4542,4,18
4543,69,69
4544,37,31
4545,44,20
4546,36,80
4547,4,72
4548,28,6
4549,81,56
4550,4,95
4551,57,57
4552,75,29
4553,30,85
4554,19,63
4555,39,76
4556,87,68
4557,66,18
4558,99,60
4559,27,7
4560,72,61
4561,9,21
4562,85,80
4563,35,33
4564,60,54
4565,63,27
4566,18,46
4567,35,54
4568,3,82
4569,72,20
4570,83,35
4571,22,57
4572,52,47
4573,19,81
4574,29,54
4575,68,64
4576,79,43
4577,57,46
4578,70,97
4579,67,93
4580,59,44
4581,23,19
4582,92,48
4583,20,3
4584,72,52
4585,5,79
4586,65,82
4587,42,90
4588,16,27
4589,15,9
4590,51,23
4591,76,3
4592,36,89
4593,82,14
4594,25,36
4595,29,53
4596,77,52
4597,11,61
4598,30,41
4599,66,36
4600,3,16
4601,60,39
4602,49,52
4603,50,89
4604,31,5
4605,11,3
4606,79,65
4607,81,83
4608,96,35
4609,43,50
4610,35,86
4611,52,37
4612,12,86
4613,11,66
4614,53,25
4615,93,30
4616,27,64
4617,3,24
4618,31,7
4619,36,23
4620,81,44
4621,94,89
4622,42,9
4623,28,86
4624,37,7
4625,49,3
4626,83,48
4627,10,28
4628,70,35
4629,33,61
4630,96,34
4631,25,26
4632,59,66
4633,45,80
4634,40,8
4635,47,62
4636,0,72
4637,78,1
4638,94,74
4639,83,78
4640,12,39
4641,58,58
4642,55,65
4643,57,96
4644,30,64
4645,97,89
4646,56,7
4647,57,37
4648,34,56
4649,86,0
4650,99,51
4651,22,34
4652,91,84
4653,3,76
4654,23,70
4655,23,55
4656,78,25
4657,10,12
4658,16,37
4659,39,34
4660,84,62
4661,18,27
4662,93,14
4663,51,30
4664,1,60
4665,15,99
4666,35,64
4667,42,82
4668,97,36
4669,79,56
4670,64,36
4671,56,23
4672,97,80
4673,22,71
4674,30,19
4675,6,13
4676,41,18
4677,99,5
4678,67,2
4679,77,50
4680,43,26
4681,73,30
4682,35,66
4683,78,77
4684,37,37
4685,51,23
4686,73,62
4687,76,64
4688,78,42
4689,85,63
4690,60,97
4691,97,72
4692,42,32
4693,72,63
4694,22,22
4695,87,7
4696,9,97
4697,16,1
4698,60,46
4699,66,69
4700,29,97
4701,81,41
4702,34,9
4703,42,20
4704,61,66
4705,83,38
4706,24,20
4707,1,54
4708,76,21
4709,36,13
4710,44,58
4711,5,99
4712,68,56
4713,49,35
4714,45,37
4715,17,61
4716,16,42
4717,27,26
4718,73,90
4719,18,63
4720,85,25
4721,95,40
4722,63,79
4723,89,49
4724,62,67
4725,96,26
4726,92,99
4727,40,5
4728,88,28
4729,62,5
4730,0,59
4731,0,28
4732,67,81
4733,43,15
4734,83,26
4735,65,72
4736,45,71
4737,61,72
4738,25,53
4739,28,74
4740,58,14
4741,73,28
4742,92,72
4743,19,71
4744,69,22
4745,69,57
4746,0,39
4747,32,57
4748,19,65
4749,74,33
4750,23,74
4751,57,20
4752,55,8
4753,60,38
4754,78,25
4755,66,59
4756,22,24
4757,51,32
4758,69,43
4759,91,23
4760,92,80
4761,43,59
4762,28,28
4763,91,54
4764,96,23
4765,42,72
4766,10,82
4767,20,57
4768,84,99
4769,0,89
4770,8,40
4771,97,52
4772,62,44
4773,12,51
4774,44,39
4775,12,66
4776,84,64
4777,94,36
4778,34,9
4779,75,34
4780,60,76
4781,25,96
4782,84,67
4783,81,30
4784,52,29
4785,28,78
4786,29,49
4787,32,6
4788,46,32
4789,97,94
4790,68,42
4791,35,6
4792,55,94
4793,97,6
4794,38,49
4795,12,9
4796,91,70
4797,47,91
4798,61,9
4799,64,48
4800,90,88
4801,1,72
4802,41,21
4803,88,30
4804,25,0
4805,15,50
4806,14,2
4807,35,78
4808,76,37
4809,6,8
4810,22,3
4811,97,89
4812,95,91
4813,59,4
4814,55,80
4815,18,92
4816,29,65
4817,38,27
4818,2,64
4819,36,11
4820,7,76
4821,32,5
4822,20,3
4823,63,17
4824,73,33
4825,8,47
4826,13,9
4827,13,20
4828,98,42
4829,91,58
4830,80,66
4831,92,54
4832,82,24
4833,93,93
4834,0,9
4835,55,94
4836,62,0
4837,75,93
4838,14,90
4839,91,79
4840,39,69
4841,45,69
4842,97,32
4843,48,36
4844,51,68
4845,9,2
4846,43,68
4847,81,27
4848,18,19
4849,22,35
4850,96,14
4851,25,65
4852,21,66
4853,78,90
4854,67,44
4855,51,59
4856,67,17
4857,82,87
4858,89,54
4859,6,87
4860,11,48
4861,18,39
4862,52,56
4863,53,76
4864,54,51
4865,8,83
4866,61,33
4867,98,92
4868,71,64
4869,45,39
4870,34,96
4871,41,57
4872,21,10
4873,6,40
4874,3,15
4875,89,59
4876,85,48
4877,35,86
4878,83,64
4879,40,45
4880,90,16
4881,17,14
4882,24,70
4883,67,13
4884,60,46
4885,38,91
4886,62,38
4887,87,25
4888,61,97
4889,19,56
4890,46,53
4891,45,25
4892,4,12
4893,76,29
4894,93,93
4895,16,76
4896,30,48
4897,38,58
4898,73,10
4899,63,2
4900,37,72
4901,83,60
4902,38,49
4903,49,99
4904,74,92
4905,23,65
4906,89,29
4907,59,63
4908,13,92
4909,51,86
4910,89,17
4911,91,70
4912,91,8
4913,2,30
4914,48,50
4915,2,84
4916,98,47
4917,55,92
4918,61,18
4919,35,37
4920,72,49
4921,3,85
4922,41,27
4923,39,44
4924,3,29
4925,70,3
4926,15,6
4927,63,85
4928,60,47
4929,25,73
4930,85,49
4931,69,61
4932,35,35
4933,56,6
4934,14,86
4935,79,7
4936,36,82
4937,12,45
4938,87,3
4939,34,93
4940,50,62
4941,67,68
4942,21,81
4943,23,24
4944,29,46
4945,31,86
4946,66,25
4947,63,74
4948,5,19
4949,75,92
4950,90,9
4951,99,97
4952,15,92
4953,40,45
4954,83,1
4955,26,58
4956,25,52
4957,19,58
4958,90,64
4959,48,19
4960,63,6
4961,27,94
4962,32,79
4963,80,6
4964,47,10
4965,29,83
4966,20,69
4967,2,52
4968,68,40
4969,75,65
4970,96,50
4971,38,56
4972,2,6
4973,92,21
4974,32,36
4975,65,17
4976,88,54
4977,51,47
4978,56,48
4979,32,72
4980,43,97
4981,76,77
4982,43,39
4983,91,55
4984,90,53
4985,91,50
4986,74,0
4987,92,64
4988,94,41
4989,61,68
4990,79,32
4991,71,12
4992,52,25
4993,21,80
4994,7,89
4995,48,96
4996,32,55
4997,46,33
4998,15,98
4999,26,23
